"|","name","lines","lat","line","lng"
"110TH STREET-8TH AVENUE","Cathedral Pkwy (110 St)","B,C","40.800866","8th Avenue","-73.958405"
"2ND AVENUE-HOUSTON STREET","2 Av","F","40.723950","6th Avenue","-73.991298"
"148TH STREET-LENOX AVENUE","Harlem-148 St","3","40.824069","Lenox","-73.936981"
"KNICKERBOCKER AVE-MYRTLE AV","Knickerbocker Av","M","40.698717","Myrtle Avenue","-73.918655"
"PELHAM PKWY-WHITE PLAINS RD","Pelham Pkwy","2,5","40.858029","White Plains","-73.867481"
"CASTLE HILL AVENUE","Castle Hill Av","6","40.834321","Pelham","-73.851440"
"RALPH AVENUE-FULTON STREET","Ralph Av","A,C","40.678984","Fulton Street","-73.921442"
"BEDFORD PARK BLVD-203RD ST","Bedford Park Blvd","B,D","40.874025","Concourse","-73.886466"
"VAN SICLEN AVENUE","Van Siclen Av","3","40.665431","New Lots","-73.888386"
"ROCKAWAY AVE-HOPKINSON AVE","Rockaway Av","A,C","40.678317","Fulton Street","-73.913651"
"14TH STREET-6TH AVENUE","6 Av","F,L,M,1,2,3","40.737197","Canarsie","-73.996704"
"175TH STREET/FT WASHINGTON","175 St","A","40.846407","8th Avenue","-73.939861"
"FRANKLIN AVENUE-FULTON ST","Franklin Av","C,FS","40.681256","Fulton Street","-73.955590"
"125TH STREET-LENOX AVENUE","125 St","2,3","40.807875","Lenox","-73.945229"
"ATLANTIC AV-VAN SINDEREN AV","Atlantic Av","L","40.675380","Canarsie","-73.902612"
"BAY PARKWAY-66TH STREET","Bay Pkwy","N","40.612989","Sea Beach","-73.982084"
"121ST STREET","121 St","J,Z","40.700520","Jamaica","-73.829231"
"DITMARS BLVD & 31ST STREET","Astoria-Ditmars Blvd","N,Q","40.775025","Astoria","-73.911891"
"72ND STREET & BROADWAY","72 St","1,2,3","40.779146","7th Ave-Bway","-73.981822"
"DEKALB AVENUE","DeKalb Av","Q,R","40.689817","4th Avenue","-73.981082"
"205TH ST-BAINBRIDGE AVE","Norwood-205 St","D","40.874902","Concourse","-73.879267"
"INTERVALE 163RD STREET","Intervale Av","2,5","40.822400","White Plains","-73.896508"
"NORWOOD AVENUE-FULTON ST","Norwood Av","J,Z","40.681757","Jamaica","-73.879007"
"KOSCIUSZKO STREET-BROADWAY","Kosciusko St","J","40.692929","Jamaica","-73.927940"
"EAST 143RD ST-SOUTHERN BLVD","E 143 St-St Mary's St","6","40.808340","Pelham","-73.907618"
"47-50 STREETS/ROCKEFELLER","47-50 Sts-Rockefeller Ctr","B,D,F,M","40.758615","6th Avenue","-73.981095"
"59TH STREET-4TH AVENUE","59 St","N,R","40.641633","4th Avenue","-74.017362"
"SUTPHIN BOULEVARD","Sutphin Blvd-Archer Av-JFK Airport","E,J,Z","40.700554","Archer Avenue","-73.807353"
"FT HAMILTON PKY-GREENWOOD","Fort Hamilton Pkwy","F,G","40.651608","Prospect Park","-73.975596"
"VAN SICLEN AVENUE-FULTON ST","Van Siclen Av","J,Z","40.677847","Jamaica","-73.891711"
"170TH STREET-JEROME AVENUE","170 St","4","40.840076","Jerome","-73.917648"
"BROADWAY LAFAYETTE-BLEECKER","B'way-Lafayette St","B,D,F,M","40.725499","6th Avenue","-73.996387"
"JACKSON AVENUE-VERNON BLVD","Vernon Blvd-Jackson Av","7","40.742759","Flushing","-73.953893"
"CANAL STREET-BROADWAY","Canal St","J,N,Q,R,Z,6","40.719498","Broadway","-74.001606"
"HOYT STREET-FULTON STREET","Hoyt St","2,3","40.690433","Eastern Parkway","-73.984323"
"TREMONT AVE-179TH ST","Tremont Av","B,D","40.851176","Concourse","-73.904263"
"CYPRESS HILLS","Cypress Hills","J","40.690142","Jamaica","-73.871630"
"71ST AVE-CONTINENTAL AVE","Forest Hills-71 Av","E,F,M,R","40.721490","Queens","-73.843389"
"96TH ST-CENTRAL PARK WEST","96 St","B,C","40.791642","8th Avenue","-73.965009"
"63RD DRIVE-REGO PARK","63 Dr-Rego Park","M,R","40.730037","Queens","-73.861343"
"SMITH STREET-9TH STREET","Smith-9 Sts","F,G","40.674725","Prospect Park","-73.997505"
"JUNCTION BLVD-ROOSEVELT AVE","Junction Blvd","7","40.749095","Flushing","-73.869120"
"176TH STREET-JEROME AVENUE","176 St","4","40.848501","Jerome","-73.911633"
"HOYT ST-SCHERMERHORN ST","Hoyt-Schermerhorn","A,C,G","40.688396","Fulton Street","-73.984216"
"116TH STREET-COLUMBIA","116 St-Columbia University","1","40.808245","7th Ave-Bway","-73.963495"
"DYRE AVENUE-LIGHT STREET","Eastchester-Dyre Av","5","40.887980","Dyre Avenue","-73.831195"
"SUTPHIN BLVD-HILLSIDE AVE","Sutphin Blvd","F","40.705591","Queens","-73.809481"
"GRAND ARMY PLAZA","Grand Army Plaza","2,3","40.675110","Eastern Parkway","-73.970822"
"MOSHOLU PARKWAY-JEROME AVE","Mosholu Pkwy","4","40.879899","Jerome","-73.884244"
"DEKALB AVE-WYCKOFF AVE","DeKalb Av","L","40.704379","Canarsie","-73.919026"
"75TH AVENUE-QUEENS BLVD","75 Av","E,F","40.719061","Queens","-73.837916"
"138TH ST-GRAND CONCOURSE","138 St-Grand Concourse","4,5","40.813091","Jerome","-73.929689"
"SUTTER AVENUE","Sutter Av-Rutland Rd","3","40.664891","New Lots","-73.922675"
"8TH STREET & BROADWAY","8 St-NYU","N,R","40.730578","Broadway","-73.992216"
"8TH AVENUE-62ND STREET","8 Av","N","40.634552","Sea Beach","-74.010726"
"PARSONS BLVD & HILLSIDE AV","Parsons Blvd","F","40.707563","Queens","-73.802611"
"163RD ST & AMSTERDAM AVE","163 St-Amsterdam Av","C","40.835192","8th Avenue","-73.940146"
"168TH STREET & BROADWAY","168 St","A,C,1","40.840717","7th Ave-Bway","-73.939720"
"ELDER AVE-WESTCHESTER AVE","Elder Av","6","40.828688","Pelham","-73.879018"
"57TH STREET-6TH AVENUE","57 St","F","40.764564","6th Avenue","-73.976830"
"CANAL STREET","Canal St","J,N,Q,R,Z,6","40.718589","Lexington","-74.000552"
"HEWES STREET-BROADWAY","Hewes St","J,M","40.707248","Jamaica","-73.954326"
"21ST STREET-QUEENSBRIDGE","21 St-Queensbridge","F","40.754255","63rd Street","-73.941935"
"CLARK STREET-HENRY STREET","Clark St","2,3","40.697649","Clark Street","-73.993060"
"CHURCH AVENUE","Church Av","B,Q","40.649427","Brighton","-73.963356"
"BAYCHESTER AVE-TILLOTSON","Baychester Av","5","40.879330","Dyre Avenue","-73.837858"
"125TH STREET & BROADWAY","125 St","1","40.815230","7th Ave-Bway","-73.958366"
"42ND STREET & GRAND CENTRAL","Grand Central-42 St","GS,4,5,6,7","40.751724","Lexington","-73.976346"
"18TH STREET-7TH AVENUE","18 St","1","40.741617","7th Ave-Bway","-73.997197"
"PELHAM BAY PARK-BRUCKNER BL","Pelham Bay Park","6","40.853041","Pelham","-73.826991"
"111TH STREET","111 St","J","40.697055","Jamaica","-73.837156"
"MT EDEN AVENUE-JEROME AVE","Mt Eden Av","4","40.844389","Jerome","-73.914578"
"18TH AVENUE-62ND STREET","18 Av","N","40.620062","Sea Beach","-73.989410"
"CHAMBERS STREET","Chambers St","1,2,3","40.715576","7th Ave-Bway","-74.009031"
"BOTANIC GARDEN-FRANKLIN AVE","Botanic Garden","FS,2,3,4,5","40.670588","Franklin Shuttle","-73.959093"
"AVENUE U-WEST 7TH STREET","Avenue U","N","40.596459","Sea Beach","-73.978943"
"SPRING STREET-LAFAYETTE ST","Spring St","6","40.722235","Lexington","-73.996818"
"BURNSIDE AVE-JEROME AVE","Burnside Av","4","40.853596","Jerome","-73.907393"
"NEW UTRECHT AVENUE-62ND ST","New Utrecht Av","D,N","40.625606","Sea Beach","-73.996830"
"WHITEHALL STREET","Whitehall St-South Ferry","R,1","40.701938","Broadway","-74.012588"
"219TH ST-WHITE PLAINS ROAD","219 St","2,5","40.883439","White Plains","-73.862743"
"PROSPECT AVENUE-WESTCHESTER","Prospect Av","2,5","40.819368","White Plains","-73.901966"
"SHEPHERD AVE-PITKIN AVE","Shepherd Av","A,C","40.673970","Fulton Street","-73.880667"
"23RD STREET-6TH AVENUE","23 St","F,M","40.742825","6th Avenue","-73.992383"
"40TH STREET-LOWERY STREET","40 St-Lowery St","7","40.743882","Flushing","-73.924112"
"NEW LOTS AV-VAN SINDEREN AV","New Lots Av","L","40.659041","Canarsie","-73.899409"
"AVENUE N-MCDONALD AVENUE","Avenue N","F","40.614304","Culver","-73.973910"
"145TH STREET","145 St","A,B,C,D","40.823791","8th Avenue","-73.944726"
"50TH STREET & 7TH AVENUE","50 St","1","40.761212","7th Ave-Bway","-73.983357"
"KINGSBRIDGE RD-JEROME AVE","Kingsbridge Rd","4","40.867766","Jerome","-73.897039"
"HIGH ST-CADMAN PLAZA WEST","High St","A,C","40.699405","8th Avenue","-73.991413"
"HUDSON STREET-78TH STREET","80 St","A","40.679361","Liberty Avenue","-73.860284"
"CITY HALL","City Hall","R","40.713521","Broadway","-74.006697"
"61ST STREET-ROOSEVELT AVE","Woodside-61 St","7","40.745717","Flushing","-73.903063"
"135TH STREET-ST NICHOLAS AV","135 St","B,C","40.816892","8th Avenue","-73.947818"
"53RD STREET-4TH AVENUE","53 St","R","40.645619","4th Avenue","-74.013688"
"25TH AVENUE-86TH STREET","25 Av","D","40.597889","West End","-73.986958"
"238TH ST-WHITE PLAINS ROAD","Nereid Av","2,5","40.898323","White Plains","-73.854288"
"FRANKLIN AVE/EASTERN PKWY","Franklin Av","FS,2,3,4,5","40.670732","Eastern Parkway","-73.957696"
"36TH STREET-4TH AVENUE","36 St","N,R","40.654365","4th Avenue","-74.004113"
"116TH STREET-LENOX AVENUE","116 St","2,3","40.802111","Lenox","-73.949437"
"137TH STREET-BROADWAY","137 St-City College","1","40.821454","7th Ave-Bway","-73.953856"
"34TH STREET & 6TH AVENUE","34 St-Herald Sq","B,D,F,M,N,Q,R","40.749891","Broadway","-73.987495"
"181ST STREET-FT WASH AVE","181 St","A","40.850752","8th Avenue","-73.938130"
"EAST 180TH ST-MORRIS PARK","E 180 St","2,5","40.841453","White Plains","-73.872892"
"FIFTH AVENUE","5 Av/53 St","E,M","40.760373","Queens","-73.975562"
"177TH STREET-PARKCHESTER","Parkchester","6","40.833225","Pelham","-73.860888"
"GRANT AVENUE-PITKIN AVENUE","Grant Av","A","40.676735","Liberty Avenue","-73.865491"
"EASTERN PARKWAY","Eastern Pkwy-Brooklyn Museum","2,3","40.672122","Eastern Parkway","-73.964154"
"104TH STREET","104 St","J,Z","40.695033","Jamaica","-73.843298"
"116TH STREET-8TH AVENUE","116 St","B,C","40.804172","8th Avenue","-73.955131"
"PROSPECT AVE-4TH AVE","Prospect Av","R","40.665299","4th Avenue","-73.992729"
"36TH AVENUE & 31ST STREET","36 Av","N,Q","40.756796","Astoria","-73.929740"
"HALSEY STREET-WYCKOFF AVE","Halsey St","L","40.695871","Canarsie","-73.905143"
"179TH STREET & HILLSIDE AVE","Jamaica-179 St","F","40.712295","Queens","-73.784280"
"103RD STREET-LEXINGTON AVE","103 St","6","40.790193","Lexington","-73.947649"
"ROCKAWAY PKWY-GLENWOOD RD","Canarsie-Rockaway Pkwy","L","40.645560","Canarsie","-73.902524"
"ZEREGA AVE-WESTCHESTER AVE","Zerega Av","6","40.836954","Pelham","-73.846653"
"HOUSTON STREET-VARICK ST","Houston St","1","40.728656","7th Ave-Bway","-74.005086"
"FORDHAM ROAD & JEROME AVE","Fordham Rd","4","40.862814","Jerome","-73.900815"
"FULTON STREET-LAFAYETTE AV","Fulton St","G","40.687159","Crosstown","-73.976290"
"79TH STREET-BROADWAY","79 St","1","40.783985","7th Ave-Bway","-73.979662"
"225TH STREET","Marble Hill-225 St","1","40.874308","7th Ave-Bway","-73.909795"
"CANAL STREET-LISPENARD ST","Canal St","A,C,E","40.720704","8th Avenue","-74.004999"
"85TH STREET & FOREST PKWAY","85 St-Forest Pkwy","J","40.692381","Jamaica","-73.858975"
"BEDFORD AVENUE-NOSTRAND AVE","Bedford-Nostrand Avs","G","40.689367","Crosstown","-73.954957"
"FIFTH AVENUE & 42ND STREET","5 Av","B,D,F,M,7","40.753409","Flushing","-73.981130"
"MARCY AVENUE-BROADWAY","Marcy Av","J,M,Z","40.708409","Jamaica","-73.957689"
"MAIN STREET","Flushing-Main St","7","40.759946","Flushing","-73.828414"
"FIFTH AVENUE & 60TH STREET","5th Av/59 St","N,Q,R","40.764657","Broadway","-73.972229"
"MYRTLE AVENUE-MARCY AVENUE","Myrtle-Willoughby Avs","G","40.695500","Crosstown","-73.948960"
"PELHAM PKWY-ESPLANADE","Pelham Pkwy","5","40.858804","Dyre Avenue","-73.855515"
"KINGS HIGHWAY-EAST 16TH ST","Kings Hwy","B,Q","40.608780","Brighton","-73.957925"
"EAST 149TH ST-SOUTHERN BLVD","E 149 St","6","40.812367","Pelham","-73.903797"
"STEINWAY ST-BROADWAY","Steinway St","M,R","40.758279","Queens","-73.919433"
"PARK PLACE","Park Place","A,C,E,2,3","40.712712","Clark Street","-74.007766"
"25TH STREET-4TH AVENUE","25 St","R","40.660323","4th Avenue","-73.997952"
"145TH STREET-LENOX AVENUE","145 St","3","40.820602","Lenox","-73.935933"
"23RD STREET-PARK AVE SOUTH","23 St","6","40.740008","Lexington","-73.986233"
"36TH STREET-NORTHERN BLVD","36 St","M,R","40.751930","Queens","-73.927141"
"145TH STREET-BROADWAY","145 St","1","40.826513","7th Ave-Bway","-73.950162"
"BUSHWICK AVENUE-ABERDEEN ST","Bushwick Av-Aberdeen St","L","40.682300","Canarsie","-73.905149"
"7TH AVENUE-PARK PLACE","7 Av","B,Q","40.677324","Brighton","-73.972212"
"ASTOR PLACE-4 AVENUE","Astor Pl","6","40.729968","Lexington","-73.991410"
"BEDFORD AVE-NORTH 7TH ST","Bedford Av","L","40.717821","Canarsie","-73.957568"
"OCEAN PKWAY-BRIGHTON BCH AV","Ocean Pkwy","Q","40.576234","Brighton","-73.967561"
"ROCKAWAY PARK-BEACH 116TH","Rockaway Park-Beach 116 St","H","40.580510","Rockaway","-73.837418"
"110TH STREET-BROADWAY","Cathedral Pkwy (110 St)","1","40.803926","7th Ave-Bway","-73.966647"
"LAFAYETTE AVENUE-FULTON ST","Lafayette Av","C","40.685700","Fulton Street","-73.973526"
"NEWKIRK AVE-NOSTRAND AVE","Newkirk Av","2,5","40.639924","Nostrand","-73.948161"
"KINGS HIGHWAY-MCDONALD AVE","Kings Hwy","F","40.603999","Culver","-73.972124"
"JEFFERSON STREET-WYCKOFF AV","Jefferson St","L","40.707229","Canarsie","-73.923725"
"STERLING ST-NOSTRAND AVE","Sterling St","2,5","40.663226","Nostrand","-73.950670"
"79TH STREET-17TH AVENUE","79 St","D","40.612847","West End","-74.000721"
"RECTOR STREET-CHURCH STREET","Rector St","R","40.708028","Broadway","-74.012696"
"45TH ROAD-COURT HOUSE SQ","Court Sq","E,G,M,7","40.746232","Flushing","-73.945322"
"MCDONALD AVE-22ND AVE","Bay Pkwy","F","40.620825","Culver","-73.975138"
"CRESCENT STREET-FULTON ST","Crescent St","J,Z","40.683478","Jamaica","-73.872548"
"RECTOR STREET-GREENWICH ST","Rector St","1","40.708107","7th Ave-Bway","-74.013445"
"CYPRESS AVENUE-138TH STREET","Cypress Av","6","40.805155","Pelham","-73.913208"
"20TH AVENUE-86TH STREET","20 Av","D","40.604587","West End","-73.998007"
"MORRIS PARK-PAULDING AVENUE","Morris Park","5","40.854544","Dyre Avenue","-73.860248"
"JACKSON AVENUE-WESTCHESTER","Jackson Av","2,5","40.816873","White Plains","-73.907379"
"23RD STREET-7TH AVENUE","23 St","1","40.744120","7th Ave-Bway","-73.995348"
"161ST STREET-YANKEE STADIUM","161 St-Yankee Stadium","B,D,4","40.828011","Concourse","-73.925588"
"WILLETS PT BLVD-ROOSEVELT","Mets-Willets Point","7","40.754768","Flushing","-73.845598"
"191ST STREET-ST NICHOLAS AV","191 St","1","40.855374","7th Ave-Bway","-73.929536"
"NEW LOTS AVENUE","New Lots Av","3","40.666285","New Lots","-73.883276"
"BLEECKER ST-LAFAYETTE ST","Bleecker St","6","40.725845","Lexington","-73.994320"
"14TH STREET & 7TH AVENUE","14 St","F,L,M,1,2,3","40.738585","7th Ave-Bway","-73.999405"
"116TH STREET-LEXINGTON AVE","116 St","6","40.798742","Lexington","-73.941406"
"18TH AVENUE-86TH STREET","18 Av","D","40.607897","West End","-74.001628"
"CENTRAL AVE-MYRTLE AVE","Central Av","M","40.698033","Myrtle Avenue","-73.926371"
"181ST STREET-ST NICHOLAS AV","181 St","1","40.849435","7th Ave-Bway","-73.933428"
"14TH STREET-UNION SQUARE","14 St-Union Sq","L,N,Q,R,4,5,6","40.735184","Broadway","-73.989793"
"242ND STREET & BROADWAY","Van Cortlandt Park-242 St","1","40.889946","7th Ave-Bway","-73.897798"
"ROOSEVELT ISLAND","Roosevelt Island","F","40.759016","63rd Street","-73.953505"
"NEWKIRK AVE-EAST 16TH ST","Newkirk Av","B,Q","40.635034","Brighton","-73.962736"
"1ST AVENUE-14TH STREET","1 Av","L","40.731397","Canarsie","-73.982112"
"EAST TREMONT AVENUE-178 ST","West Farms Sq-E Tremont Av","2,5","40.841078","White Plains","-73.879397"
"50TH STREET-8TH AVENUE","50 St","C,E","40.762216","8th Avenue","-73.985757"
"BRIGHTON BEACH-CONEY ISLAND","Brighton Beach","B,Q","40.577986","Brighton","-73.960258"
"82ND STREET-JACKSON HEIGHTS","82 St-Jackson Hts","7","40.747812","Flushing","-73.883876"
"231ST STREET","231 St","1","40.879091","7th Ave-Bway","-73.904538"
"ROOSEVELT AVE/JACKSON HTS","Jackson Heights-Roosevelt Av","E,F,M,R,7","40.746527","Queens","-73.891461"
"170TH STREET-GRAND CONC.","170 St","B,D","40.838991","Concourse","-73.914037"
"81ST STREET-MUSEUM","81 St-Museum of Natural History","B,C","40.782254","8th Avenue","-73.971741"
"125TH STREET-LEXINGTON AVE","125 St","4,5,6","40.804517","Lexington","-73.937186"
"GASTON AVENUE-BEACH 67TH ST","Beach 67 St","A","40.590951","Far Rockaway","-73.796176"
"BOWLING GREEN & BATTERY PL","Bowling Green","4,5","40.704659","Lexington","-74.013920"
"28TH STREET-PARK AVE SOUTH","28 St","6","40.743257","Lexington","-73.983738"
"QUEENS PLAZA-JACKSON AVE","Queens Plaza","E,M,R","40.748807","Queens","-73.937057"
"86TH STREET-AVENUE V","86 St","N","40.592724","Sea Beach","-73.978227"
"LONGWOOD AVE-SOUTHERN BLVD","Longwood Av","6","40.816367","Pelham","-73.895924"
"39TH AVENUE & 31ST STREET","39 Av","N,Q","40.752901","Astoria","-73.932903"
"FRESH POND ROAD-68TH AVENUE","Fresh Pond Rd","M","40.706115","Myrtle Avenue","-73.895559"
"34TH STREET - PENN STATION","34 St-Penn Station","A,C,E","40.752766","8th Avenue","-73.992596"
"GRAND ST-BUSHWICK AVE","Grand St","L","40.711912","Canarsie","-73.940433"
"UTICA AVENUE","Crown Hts-Utica Av","3,4","40.668960","Eastern Parkway","-73.931675"
"BEVERLEY ROAD -EAST 15TH ST","Beverly Rd","B,Q","40.644272","Brighton","-73.964528"
"AVENUE X-MCDONALD AVENUE","Avenue X","F","40.590266","Culver","-73.974051"
"109TH STREET-LIBERTY AVENUE","111 St","A","40.683972","Liberty Avenue","-73.832816"
"JUNIUS STREET","Junius St","3","40.663426","New Lots","-73.902636"
"BOWERY STREET-DELANCEY ST","Bowery","J,Z","40.720291","Nassau Loop","-73.993411"
"BOYD STREET-88TH STREET","88 St","A","40.679828","Liberty Avenue","-73.850401"
"WINTHROP ST-NOSTRAND AVE","Winthrop St","2,5","40.657184","Nostrand","-73.949976"
"PARK PLACE-FRANKLIN AVENUE","Park Pl","FS","40.675208","Franklin Shuttle","-73.957591"
"ROCKAWAY AVENUE","Rockaway Av","3","40.662401","New Lots","-73.908809"
"AVENUE H-EAST 16TH STREET","Avenue H","B,Q","40.629930","Brighton","-73.961477"
"WESTCHESTER SQUARE","Westchester Sq-East Tremont Av","6","40.840128","Pelham","-73.842875"
"AVENUE U-MCDONALD AVENUE","Avenue U","F","40.596897","Culver","-73.973137"
"167TH ST-GRAND CONCOURSE","167 St","B,D","40.834609","Concourse","-73.917245"
"103RD ST-CENTRAL PARK WEST","103 St","B,C","40.796263","8th Avenue","-73.961610"
"NOSTRAND AVENUE","Nostrand Av","3","40.669711","Eastern Parkway","-73.950247"
"ALLERTON AV-WHITE PLAINS RD","Allerton Av","2,5","40.865257","White Plains","-73.867246"
"104TH STREET-LIBERTY AVENUE","104 St","A","40.681994","Liberty Avenue","-73.836742"
"233RD ST-WHITE PLAINS ROAD","233 St","2,5","40.893215","White Plains","-73.857344"
"GRAND ST-CHRISTIE ST","Grand St","B,D","40.718155","6th Avenue","-73.993452"
"77TH STREET-LEXINGTON AVE","77 St","6","40.773603","Lexington","-73.959578"
"63RD STREET-LEXINGTON AVE","Lexington Av/63 St","F","40.764881","63rd Street","-73.966411"
"LORIMER STREET-BROADWAY","Lorimer St","J,M","40.703454","Jamaica","-73.946536"
"NASSAU AVE-MANHATTAN AVE","Nassau Av","G","40.723765","Crosstown","-73.950566"
"FLUSHING AVE-BROADWAY","Flushing Av","J,M","40.700847","Jamaica","-73.941710"
"8TH AVENUE-14TH STREET","8 Av","A,C,E,L","40.739550","Canarsie","-74.002389"
"NOSTRAND AVE-FULTON ST","Nostrand Av","A,C","40.680228","Fulton Street","-73.949414"
"174TH-175TH ST-GRAND CONCOU","174-175 Sts","B,D","40.846354","Concourse","-73.909047"
"AVENUE J-EAST 16TH STREET","Avenue J","B,Q","40.625140","Brighton","-73.960798"
"CORTELYOU RD-EAST 16TH ST","Cortelyou Rd","B,Q","40.641314","Brighton","-73.963996"
"103RD ST-ROOSEVELT AVE","103 St-Corona Plaza","7","40.749787","Flushing","-73.862389"
"15TH ST-PROSPECT PARK WEST","15 St-Prospect Park","F,G","40.660763","Prospect Park","-73.978992"
"BOWLING GREEN & BROADWAY","Bowling Green","4,5","40.704629","Lexington","-74.013502"
"BROADWAY - UNION AVENUE","Broadway","G","40.705114","Crosstown","-73.950062"
"CLASSON AVENUE-LAFAYETTE AV","Classon Av","G","40.688781","Crosstown","-73.959871"
"BEACH 25TH STREET-WAVECREST","Beach 25 St","A","40.599670","Far Rockaway","-73.761596"
"ATLANTIC AVENUE","Atlantic Av","B,D,N,Q,R,2,3,4,5","40.684976","Eastern Parkway","-73.977880"
"174TH STREET-SOUTHERN BLVD","174 St","2,5","40.837306","White Plains","-73.887287"
"NEPTUNE AVE-MCDONALD AVENUE","Neptune Av","F","40.580576","Culver","-73.974443"
"21ST STREET-JACKSON AVENUE","21 St","G","40.744552","Crosstown","-73.948425"
"FRANK AVENUE-BEACH 44TH ST","Beach 44 St","A","40.592897","Far Rockaway","-73.775715"
"JAMAICA CENTER-PARSONS BLVD","Jamaica Center-Parsons/Archer","E,J,Z","40.702353","Archer Avenue","-73.799784"
"FULTON & WILLIAM STREETS","Fulton St","A,C,J,Z,2,3,4,5","40.709458","Clark Street","-74.006139"
"WEST 4TH ST-WASHINGTON SQ","W 4 St-Wash Sq","A,B,C,D,E,F,M","40.733259","8th Avenue","-73.999615"
"BUHRE AVE-WESTCHESTER AVE","Buhre Av","6","40.847185","Pelham","-73.832264"
"157TH STREET-BROADWAY","157 St","1","40.833860","7th Ave-Bway","-73.944620"
"EUCLID AVE-PITKIN AVE","Euclid Av","A,C","40.675533","Fulton Street","-73.871742"
"AVENUE P-MCDONALD AVENUE","Avenue P","F","40.609041","Culver","-73.972904"
"190TH STREET-OVERLOOK TERR","190 St","A","40.858899","8th Avenue","-73.932702"
"FORT HAMILTON PARKWAY-62ND","Fort Hamilton Pkwy","N","40.632179","Sea Beach","-74.006658"
"UTICA AVE-STUYVESANT AVE","Utica Av","A,C","40.679346","Fulton Street","-73.931987"
"DITMAS AVE-MCDONALD AVE","Ditmas Av","F","40.635389","Culver","-73.977914"
"59TH STREET & LEXINGTON AVE","59 St","N,Q,R,4,5,6","40.762069","Lexington","-73.968016"
"JAY ST-METROTECH","Jay St-MetroTech","A,C,F,R","40.693491","Fulton Street","-73.987089"
"SPRING STREET-6TH AVENUE","Spring St","C,E","40.725583","8th Avenue","-74.003747"
"34TH STREET & 7TH AVENUE","34 St-Penn Station","1,2,3","40.751020","7th Ave-Bway","-73.990323"
"ASTORIA BLVD & 31ST STREET","Astoria Blvd","N,Q","40.770870","Astoria","-73.916935"
"30TH AVENUE & 31ST STREET","30 Av","N,Q","40.766963","Astoria","-73.921192"
"HUNTERS PT AVE-49TH AVE","Hunters Point Av","7","40.742405","Flushing","-73.948110"
"65TH STREET-BROADWAY","65 St","M,R","40.749330","Queens","-73.897382"
"18TH AVE-MCDONALD AVE","18 Av","F","40.630562","Culver","-73.976995"
"CARROLL ST-PRESIDENT ST","Carroll St","F,G","40.680944","Prospect Park","-73.994247"
"59TH STREET/COLUMBUS CIRCLE","59 St-Columbus Circle","A,B,C,D,1","40.767642","7th Ave-Bway","-73.981235"
"51ST STREET & LEXINGTON AVE","51 St","E,M,6","40.757059","Lexington","-73.971570"
"ST LAWRENCE AVE-WEST AVE","St Lawrence Av","6","40.831466","Pelham","-73.867410"
"FOREST AVENUE-PUTNAM AVENUE","Forest Av","M","40.704729","Myrtle Avenue","-73.902243"
"169TH STREET & HILLSIDE AVE","169 St","F","40.710563","Queens","-73.792853"
"BAY RIDGE AVE-4TH AVENUE","Bay Ridge Av","R","40.634768","4th Avenue","-74.023339"
"AVENUE I-MCDONALD AVENUE","Avenue I","F","40.626163","Culver","-73.976177"
"7TH AVENUE-9TH STREET","7 Av","F,G","40.667004","Prospect Park","-73.981331"
"VAN SICLEN AVE-PITKIN AVE","Van Siclen Av","A,C","40.672479","Fulton Street","-73.890164"
"225TH ST-WHITE PLAINS ROAD","225 St","2,5","40.887660","White Plains","-73.860444"
"HOLLAND-BEACH 90TH STREET","Beach 90 St","H","40.587814","Rockaway","-73.814037"
"HOYT STREET-HOYT STREET","Hoyt St","2,3","40.690388","Eastern Parkway","-73.985299"
"LIVONIA AVE-VAN SINDEREN AV","Livonia Av","L","40.663749","Canarsie","-73.900482"
"42ND STREET & 6TH AVENUE","42 St-Bryant Pk","B,D,F,M,7","40.754832","6th Avenue","-73.983657"
"MORGAN AVENUE-HARRISON PL","Morgan Av","L","40.706317","Canarsie","-73.931696"
"WILSON AVENUE-MOFFAT STREET","Wilson Av","L","40.688805","Canarsie","-73.904741"
"9TH AVENUE-39TH STREET","9 Av","D","40.646337","West End","-73.994489"
"DYCKMAN STREET-BROADWAY","Dyckman St","A","40.865342","8th Avenue","-73.926964"
"155TH STREET-ST NICHOLAS AV","155 St","C","40.830921","8th Avenue","-73.941100"
"BOROUGH HALL - COURT STREET","Borough Hall","R,2,3,4,5","40.693569","Clark Street","-73.990599"
"BERGEN STREET-SMITH STREET","Bergen St","F,G","40.686727","Prospect Park","-73.990269"
"CLINTON AVENUE-FULTON ST","Clinton-Washington Avs","C","40.683317","Fulton Street","-73.966741"
"103RD STREET-BROADWAY","103 St","1","40.799223","7th Ave-Bway","-73.968271"
"FREEMAN ST-SOUTHERN BLVD","Freeman St","2,5","40.830177","White Plains","-73.891482"
"238TH STREET-BROADWAY","238 St","1","40.885226","7th Ave-Bway","-73.900439"
"ROCKAWAY BLVD-LIBERTY AVE","Rockaway Blvd","A","40.680158","Liberty Avenue","-73.845131"
"VAN WYCK BLVD-METROPOLITAN","Jamaica-Van Wyck","E","40.701263","Archer Avenue","-73.816372"
"69TH STREET-ROOSEVELT AVE","69 St","7","40.746509","Flushing","-73.896268"
"MORRISON AVE & WESTCHESTER","Morrison Av-Soundview","6","40.829641","Pelham","-73.874447"
"AQUEDUCT RACE TRACK","Aqueduct Racetrack","A","40.672190","Rockaway","-73.834446"
"KINGSTON AVE-THROOP AVE","Kingston-Throop Avs","A,C","40.679804","Fulton Street","-73.941119"
"SEVENTH AVENUE & WEST 53RD","7 Av","B,D,E","40.762937","Queens","-73.981578"
"FORT HAMILTON PKWY-45TH ST","Fort Hamilton Pkwy","D","40.640180","West End","-73.994220"
"CHAUNCEY STREET-ROCKAWAY AV","Chauncey St","J,Z","40.683417","Jamaica","-73.911242"
"HALSEY STREET-BROADWAY","Halsey St","J","40.685847","Jamaica","-73.915807"
"20TH AVENUE-62ND STREET","20 Av","N","40.617341","Sea Beach","-73.984840"
"155TH STREET-8TH AVENUE","155 St","B,D","40.830313","Concourse","-73.936687"
"28TH STREET & BROADWAY","28 St","N,R","40.745089","Broadway","-73.988472"
"96TH STREET-LEXINGTON AVE","96 St","6","40.785903","Lexington","-73.950695"
"55TH ST-NEW UTRECHT AVE","55 St","D","40.631389","West End","-73.995262"
"UNION STREET-4TH AVENUE","Union St","R","40.677171","4th Avenue","-73.983020"
"SIMPSON ST-WESTCHESTER AVE","Simpson St","2,5","40.824358","White Plains","-73.892724"
"HUNTS PT AVE-SOUTHERN BLVD","Hunts Point Av","6","40.820819","Pelham","-73.890442"
"BEDFORD PARK BLVD-JEROME AV","Bedford Pk Blvd-Lehman College","4","40.873528","Jerome","-73.889754"
"BRONX PARK EAST","Bronx Park East","2,5","40.849128","White Plains","-73.868213"
"SARATOGA AVENUE","Saratoga Av","3","40.661558","New Lots","-73.915225"
"FRANKLIN STREET-WEST BWAY","Franklin St","1","40.719001","7th Ave-Bway","-74.006675"
"SHEEPSHEAD BAY ROAD","Sheepshead Bay","B,Q","40.587302","Brighton","-73.954224"
"LEFFERTS BLVD-LIBERTY AVE","Ozone Park-Lefferts Blvd","A","40.686103","Liberty Avenue","-73.824314"
"PRINCE STREET & BROADWAY","Prince St","N,R","40.724220","Broadway","-73.997633"
"YORK STREET-JAY STREET","York St","F","40.701380","6th Avenue","-73.986655"
"77TH STREET-4TH AVENUE","77 St","R","40.629503","4th Avenue","-74.025452"
"125TH STREET","125 St","A,B,C,D","40.810879","8th Avenue","-73.952318"
"241ST ST-WHITE PLAINS RD","Wakefield-241 St","2,5","40.903509","White Plains","-73.850124"
"207TH STREET-BROADWAY","Inwood-207 St","A","40.867653","8th Avenue","-73.920949"
"75TH STREET & ELDERTS LANE","75 St-Elderts Ln","J,Z","40.691285","Jamaica","-73.866425"
"GUN HILL ROAD-SEYMOUR","Gun Hill Rd","5","40.870117","Dyre Avenue","-73.845869"
"GUNHILL RD-WHITE PLAINS RD","Gun Hill Rd","2,5","40.877779","White Plains","-73.866185"
"CHRISTOPHER ST-SHERIDAN SQ","Christopher St-Sheridan Sq","1","40.733402","7th Ave-Bway","-74.002748"
"4TH AVENUE-9TH STREET","4 Av-9 St","F,G,R","40.670387","4th Avenue","-73.988480"
"NEVINS STREET","Nevins St","2,3,4,5","40.688085","Eastern Parkway","-73.980243"
"BAY RIDGE - 95TH STREET","95 St","R","40.616189","4th Avenue","-74.031234"
"PENNSYLVANIA AVENUE","Pennsylvania Av","3","40.664869","New Lots","-73.893779"
"EAST 105TH ST-FARRAGUT ROAD","East 105 St","L","40.651278","Canarsie","-73.898862"
"23RD STREET-ELY AVENUE","Court Sq-23 St","E,G,M,7","40.747706","Queens","-73.944626"
"MIDDLETOWN ROAD-WESTCHESTER","Middletown Rd","6","40.843935","Pelham","-73.836386"
"BROADWAY & 31ST STREET","Broadway","N,Q","40.762217","Astoria","-73.925349"
"KINGSBRIDGE RD-196TH ST","Kingsbridge Rd","B,D","40.867688","Concourse","-73.892739"
"50TH STREET-NEW UTRECHT AVE","50 St","D","40.636139","West End","-73.994702"
"BAY 50TH STREET-STILLWELL","Bay 50 St","D","40.588066","West End","-73.983498"
"WOODHAVEN BOULEVARD","Woodhaven Blvd","J,Z","40.693451","Jamaica","-73.852556"
"149TH ST-GRAND CONCOURSE","149 St-Grand Concourse","2,4,5","40.818405","Jerome","-73.927101"
"BROAD CHANNEL-NOEL ROAD","Broad Channel","A,H","40.608007","Rockaway","-73.815967"
"23RD STREET & 8TH AVENUE","23 St","C,E","40.746483","8th Avenue","-73.997142"
"HOWARD BEACH-159TH AVE","Howard Beach-JFK Airport","A","40.660372","Rockaway","-73.830369"
"111TH STREET-LENOX AVENUE","Central Park North (110 St)","2,3","40.799033","Lenox","-73.952058"
"AVENUE U-EAST 16TH STREET","Avenue U","B,Q","40.598978","Brighton","-73.956001"
"111TH STREET-ROOSEVELT AVE","111 St","7","40.751551","Flushing","-73.855628"
"BERGEN STREET","Bergen St","2,3","40.680695","Eastern Parkway","-73.974748"
"183RD STREET-JEROME AVENUE","183 St","4","40.858453","Jerome","-73.903690"
"UNION TURNPIKE-KEW GARDENS","Kew Gardens-Union Tpke","E,F","40.714073","Queens","-73.829917"
"BROAD STREET & WALL STREET","Broad St","J,Z","40.706911","Nassau Loop","-74.010494"
"METROPOLITAN AVENUE","Middle Village-Metropolitan Av","M","40.712082","Myrtle Avenue","-73.88954"
"PRESIDENT ST-NOSTRAND AVE","President St","2,5","40.668145","Nostrand","-73.950458"
"LEXINGTON AVENUE","Lexington Av/53 St","E,M,6","40.757685","Queens","-73.969125"
"149TH STREET & 3RD AVENUE","3 Av-149 St","2,5","40.816265","White Plains","-73.917456"
"CANAL ST-LAFAYETTE ST EAST","Canal St","J,N,Q,R,Z,6","40.718304","Broadway","-74.000138"
"PROSPECT AVENUE-4TH AVENUE","Prospect Av","R","40.665058","4th Avenue","-73.993002"
"WOODLAWN ROAD","Woodlawn","4","40.886737","Jerome","-73.878120"
"215TH STREET","215 St","1","40.869729","7th Ave-Bway","-73.914954"
"ESSEX ST-DELANCEY ST","Delancey St-Essex St","F,J,M,Z","40.718841","6th Avenue","-73.987902"
"DYCKMAN STREET","Dyckman St","1","40.861187","7th Ave-Bway","-73.925078"
"CANAL STREET-VARICK STREET","Canal St","1","40.722497","7th Ave-Bway","-74.005994"
"KINGS HIGHWAY-WEST 7TH ST","Kings Hwy","N","40.605107","Sea Beach","-73.980578"
"WOODHAVEN BLVD-QUEENS BLVD","Woodhaven Blvd","M,R","40.733041","Queens","-73.870334"
"QUEENSBORO PLAZA","Queensboro Plaza","N,Q,7","40.750835","Flushing","-73.939671"
"BURKE AVE-WHITE PLAINS ROAD","Burke Av","2,5","40.871631","White Plains","-73.867283"
"STRAITON AVE-BEACH 60TH ST","Beach 60 St","A","40.592478","Far Rockaway","-73.789410"
"33RD STREET-QUEENS BLVD","33 St-Rawson St","7","40.744724","Flushing","-73.931533"
"GREENPOINT AVE","Greenpoint Av","G","40.730122","Crosstown","-73.954049"
"CHURCH AVE-MCDONALD AVE","Church Av","F,G","40.642692","Prospect Park","-73.979260"
"45TH STREET-4TH AVENUE","45 St","R","40.649389","4th Avenue","-74.009333"
"49TH STREET & 7TH AVENUE","49 St","N,Q,R","40.760454","Broadway","-73.983388"
"CHURCH AVENUE & NOSTRAND AV","Church Av","2,5","40.650748","Nostrand","-73.949384"
"LAFAYETTE AV-WASHINGTON AV","Clinton-Washington Avs","G","40.688157","Crosstown","-73.965579"
"CORTLANDT STREET","Cortlandt St","R","40.710435","Broadway","-74.011066"
"MYRTLE AVENUE-BROADWAY","Myrtle Av","J,M,Z","40.696893","Jamaica","-73.935461"
"42ND STREET & 8TH AVENUE","42 St-Port Authority Bus Terminal","A,C,E,N,Q,R,GS,1,2,3,7","40.757286","8th Avenue","-73.989582"
"AVENUE M-EAST 16TH STREET","Avenue M","B,Q","40.617928","Brighton","-73.959454"
"MOTT AVENUE-BEACH 22ND ST","Far Rockaway-Mott Av","A","40.604657","Far Rockaway","-73.754178"
"PROSPECT PARK-EMPIRE BLVD","Prospect Park","B,Q,FS","40.662727","Brighton","-73.962249"
"PARKSIDE AVE-OCEAN AVE","Parkside Av","B,Q","40.655221","Brighton","-73.961516"
"MONTROSE AVENUE","Montrose Av","L","40.707819","Canarsie","-73.939749"
"CLEVELAND STREET-FULTON ST","Cleveland St","J","40.679656","Jamaica","-73.885731"
"138TH STREET-3RD AVE","3 Av-138 St","6","40.810831","Pelham","-73.926655"
"ELMHURST AVE-BROADWAY","Elmhurst Av","M,R","40.742066","Queens","-73.881039"
"90TH STREET/ELMHURST AVENUE","90 St-Elmhurst Av","7","40.748318","Flushing","-73.876432"
"SEASIDE BEACH-105TH STREET","Beach 105 St","H","40.583248","Rockaway","-73.827163"
"68TH STREET-HUNTER COLLEGE","68 St-Hunter College","6","40.767863","Lexington","-73.963898"
"57TH STREET & 7TH AVENUE","57 St-7 Av","N,Q,R","40.765639","Broadway","-73.979764"
"EDGEMERE-BEACH 36TH STREET","Beach 36 St","A","40.595297","Far Rockaway","-73.768206"
"42ND STREET/TIMES SQUARE","Times Sq-42 St","A,C,E,N,Q,R,GS,1,2,3,7","40.755575","7th Ave-Bway","-73.986311"
"86TH STREET-4TH AVENUE","86 St","R","40.623498","4th Avenue","-74.028204"
"BROOK AVENUE-138TH STREET","Brook Av","6","40.807580","Pelham","-73.918957"
"71ST STREET-NEW UTRECHT AVE","71 St","D","40.618889","West End","-73.998832"
"72ND STREET-CENTRAL PK WEST","72 St","B,C","40.776431","8th Avenue","-73.975977"
"110TH STREET-LEXINGTON AVE","110 St","6","40.794682","Lexington","-73.944319"
"BAY PARKWAY-86TH STREET","Bay Pkwy","D","40.601898","West End","-73.993538"
"86TH ST-CENTRAL PARK WEST","86 St","B,C","40.785480","8th Avenue","-73.969458"
"46TH STREET-BROADWAY","46 St","M,R","40.756868","Queens","-73.914303"
"WEST 6TH STREET-SURF AVENUE","West 8 St-NY Aquarium","F,Q","40.575929","Coney Island","-73.976747"
"BEVERLY RD-NOSTRAND AVE","Beverly Rd","2,5","40.645046","Nostrand","-73.948684"
"FORDHAM RD/GRAND CONCOURSE","Fordham Rd","B,D","40.862608","Concourse","-73.896662"
"167TH STREET-RIVER AVENUE","167 St","4","40.835726","Jerome","-73.921059"
"207TH STREET","207 St","1","40.864599","7th Ave-Bway","-73.918681"
"33RD STREET-PARK AVENUE","33 St","6","40.746550","Lexington","-73.981533"
"NORTHERN BLVD-BROADWAY","Northern Blvd","M,R","40.753428","Queens","-73.906847"
"SENECA AVENUE-PALMETTO ST","Seneca Av","M","40.702780","Myrtle Avenue","-73.907515"
"METROPOLITAN AVE-LORIMER ST","Lorimer St","G,L","40.713908","Canarsie","-73.949262"
"GRAND AVE-QUEENS BOULEVARD","Grand Av-Newtown","M,R","40.736277","Queens","-73.876424"
"3RD AVENUE-14TH STREET","3 Av","L","40.733122","Canarsie","-73.986548"
"MYRTLE AVE-GATES AVENUE","Myrtle-Wyckoff Avs","L,M","40.699814","Canarsie","-73.911295"
"NECK ROAD-EAST 16TH STREET","Neck Rd","B,Q","40.595020","Brighton","-73.955120"
"LIBERTY AVE-PENNSYLVANIA AV","Liberty Av","A,C","40.674268","Fulton Street","-73.896312"
"FULTON STREET","Fulton St","A,C,J,Z,2,3,4,5","40.710166","Lexington","-74.009424"
"GATES AVENUE-BROADWAY","Gates Av","J,Z","40.690142","Jamaica","-73.923062"
"96TH STREET-BROADWAY","96 St","1,2,3","40.794312","7th Ave-Bway","-73.972015"
"PLAYLAND-BEACH 98TH STREET","Beach 98 St","H","40.585342","Rockaway","-73.820249"
"STILLWELL AVE-CONEY ISLAND","Coney Island-Stillwell Av","D,F,N,Q","40.576900","Coney Island","-73.980846"
"BROOKLYN BRIDGE","Brooklyn Bridge-City Hall","J,Z,4,5,6","40.712286","Lexington","-74.004371"
"SUTTER AVE-VAN SINDEREN AVE","Sutter Av","L","40.668527","Canarsie","-73.901765"
"FLATBUSH AVE & NOSTRAND AV","Flatbush Av-Brooklyn College","2,5","40.632750","Nostrand","-73.947375"
"67TH AVENUE-QUEENS BLVD","67 Av","M,R","40.727073","Queens","-73.853226"
"KINGSTON AVE/EASTERN PKWY","Kingston Av","3","40.669261","Eastern Parkway","-73.941948"
"WHITLOCK AVE-WESTCHESTER AV","Whitlock Av","6","40.827295","Pelham","-73.886082"
"ALABAMA AVENUE-FULTON ST","Alabama Av","J","40.676803","Jamaica","-73.899510"
"EAST BROADWAY-MADISON ST","East Broadway","F","40.713906","6th Avenue","-73.990014"
"28TH STREET-7TH AVENUE","28 St","1","40.747216","7th Ave-Bway","-73.993121"
"GRAHAM AVE-METROPOLITAN AVE","Graham Av","L","40.714439","Canarsie","-73.944190"
"FULTON ST & BROADWAY NASSAU","Fulton St","A,C,J,Z,2,3,4,5","40.710211","Nassau Loop","-74.007584"
"46TH ST-BLISS ST","46 St-Bliss St","7","40.743217","Flushing","-73.918564"
"WALL STREET","Wall St","4,5","40.707577","Lexington","-74.011731"
"182ND STREET-183RD STREET","182-183 Sts","B,D","40.856039","Concourse","-73.900449"
"42ND STREET & 3RD AVENUE","Grand Central-42 St","GS,4,5,6,7","40.750851","Flushing","-73.975078"
"86TH STREET-BROADWAY","86 St","1","40.788272","7th Ave-Bway","-73.976083"
"135TH STREET-LENOX AVENUE","135 St","2,3","40.814188","Lenox","-73.940618"
"52ND STREET-ROOSEVELT AVE","52 St","7","40.743933","Flushing","-73.913003"
"86TH STREET-LEXINGTON AVE","86 St","4,5,6","40.779661","Lexington","-73.955302"
"NORTH CONDUIT AVE-COHANCEY","Aqueduct-North Conduit Av","A","40.667018","Rockaway","-73.833480"
"VAN WYCK BLVD-MAIN STREET","Briarwood-Van Wyck Blvd","F","40.709316","Queens","-73.819773"
"34TH STREET & 8TH AVENUE","34 St-Penn Station","A,C,E","40.751996","8th Avenue","-73.993327"
"FLUSHING AVENUE-MARCY AVE","Flushing Av","G","40.699985","Crosstown","-73.949895"
"23RD STREET & 5TH AVENUE","23 St","N,R","40.741378","Broadway","-73.988895"
"66TH STREET-BROADWAY","66 St-Lincoln Center","1","40.773457","7th Ave-Bway","-73.982004"
